{"号牌号码": [233.42342342342343, 35.04504504504507, 341.4414414414414, 69.36936936936937], "核定载人数": [230.72072072072072, 123.33333333333336, 463.9639639639639, 90.99099099099097], "总质量": [955.045045045045, 120.63063063063065, 295.4954954954957, 99.09909909909909], "整备质量": [233.42342342342343, 218.82882882882882, 463.9639639639639, 90.09009009009009], "核定载质量": [957.7477477477477, 226.93693693693695, 291.891891891892, 95.4954954954955], "外廓尺寸": [233.42342342342343, 314.3243243243243, 465.76576576576576, 94.59459459459458], "准牵引总质量": [954.1441441441441, 328.73873873873873, 285.5855855855857, 86.48648648648646], "备注": [234.32432432432432, 417.02702702702703, 1002.7027027027027, 172.0720720720721], "检验记录": [226.21621621621622, 586.3963963963964, 1014.4144144144143, 161.2612612612612], "档案编号": [743.3333333333333, 22.43243243243246, 518.0180180180182, 91.89189189189189], "芯片编号": [557.7477477477477, 768.3783783783784, 669.3693693693696, 80.18018018018017]}