{"号牌号码": [241.53153153153156, 144.95495495495496, 338.7387387387387, 100.0], "车辆类型": [728.9189189189188, 157.56756756756758, 522.5225225225225, 101.80180180180182], "所有人": [245.13513513513516, 246.75675675675674, 240.08610380291788, 91.03085386271229], "住址": [239.2035398230089, 342.2522522522522, 1008.8495575221239, 114.11942916367695], "使用性质": [238.82882882882885, 450.17699115044246, 258.78179064019776, 83.96715299370175], "品牌型号": [633.4234234234234, 455.4867256637168, 617.2845411783464, 95.77453559754451], "车辆识别代号": [582.9729729729729, 541.3513513513514, 666.6666666666667, 101.80180180180184], "发动机号码": [555.9459459459459, 641.3513513513514, 690.990990990991, 100.90090090090087], "注册日期": [509.099099099099, 737.7477477477478, 296.3963963963964, 104.50450450450444], "发证日期": [928.9189189189188, 742.2522522522522, 318.9189189189191, 104.50450450450455]}